relationship_element_id,start_node_element_id,end_node_element_id
5:699adb08-f1e5-4be8-b17b-792b62a6747d:6917536724222477646,4:699adb08-f1e5-4be8-b17b-792b62a6747d:0,4:699adb08-f1e5-4be8-b17b-792b62a6747d:1358
5:699adb08-f1e5-4be8-b17b-792b62a6747d:6917536724222477647,4:699adb08-f1e5-4be8-b17b-792b62a6747d:0,4:699adb08-f1e5-4be8-b17b-792b62a6747d:1359
5:699adb08-f1e5-4be8-b17b-792b62a6747d:6917536724222477648,4:699adb08-f1e5-4be8-b17b-792b62a6747d:0,4:699adb08-f1e5-4be8-b17b-792b62a6747d:1360
5:699adb08-f1e5-4be8-b17b-792b62a6747d:6917536724222477649,4:699adb08-f1e5-4be8-b17b-792b62a6747d:1,4:699adb08-f1e5-4be8-b17b-792b62a6747d:1361
5:699adb08-f1e5-4be8-b17b-792b62a6747d:6917536724222477650,4:699adb08-f1e5-4be8-b17b-792b62a6747d:1024,4:699adb08-f1e5-4be8-b17b-792b62a6747d:1362
5:699adb08-f1e5-4be8-b17b-792b62a6747d:6917536724222477651,4:699adb08-f1e5-4be8-b17b-792b62a6747d:1024,4:699adb08-f1e5-4be8-b17b-792b62a6747d:1363
5:699adb08-f1e5-4be8-b17b-792b62a6747d:6917536724222477652,4:699adb08-f1e5-4be8-b17b-792b62a6747d:1024,4:699adb08-f1e5-4be8-b17b-792b62a6747d:1364
5:699adb08-f1e5-4be8-b17b-792b62a6747d:6917536724222477653,4:699adb08-f1e5-4be8-b17b-792b62a6747d:1024,4:699adb08-f1e5-4be8-b17b-792b62a6747d:1365
5:699adb08-f1e5-4be8-b17b-792b62a6747d:6917536724222477654,4:699adb08-f1e5-4be8-b17b-792b62a6747d:1025,4:699adb08-f1e5-4be8-b17b-792b62a6747d:1366
5:699adb08-f1e5-4be8-b17b-792b62a6747d:6917536724222477655,4:699adb08-f1e5-4be8-b17b-792b62a6747d:1025,4:699adb08-f1e5-4be8-b17b-792b62a6747d:1367
5:699adb08-f1e5-4be8-b17b-792b62a6747d:6917536724222477656,4:699adb08-f1e5-4be8-b17b-792b62a6747d:1025,4:699adb08-f1e5-4be8-b17b-792b62a6747d:1368
5:699adb08-f1e5-4be8-b17b-792b62a6747d:6917536724222477657,4:699adb08-f1e5-4be8-b17b-792b62a6747d:1025,4:699adb08-f1e5-4be8-b17b-792b62a6747d:1369
5:699adb08-f1e5-4be8-b17b-792b62a6747d:6917536724222477658,4:699adb08-f1e5-4be8-b17b-792b62a6747d:1026,4:699adb08-f1e5-4be8-b17b-792b62a6747d:1370
5:699adb08-f1e5-4be8-b17b-792b62a6747d:6917536724222477659,4:699adb08-f1e5-4be8-b17b-792b62a6747d:1026,4:699adb08-f1e5-4be8-b17b-792b62a6747d:1371
5:699adb08-f1e5-4be8-b17b-792b62a6747d:6917536724222477660,4:699adb08-f1e5-4be8-b17b-792b62a6747d:1027,4:699adb08-f1e5-4be8-b17b-792b62a6747d:1372
5:699adb08-f1e5-4be8-b17b-792b62a6747d:6917536724222477661,4:699adb08-f1e5-4be8-b17b-792b62a6747d:1027,4:699adb08-f1e5-4be8-b17b-792b62a6747d:1373
5:699adb08-f1e5-4be8-b17b-792b62a6747d:6917536724222477662,4:699adb08-f1e5-4be8-b17b-792b62a6747d:1027,4:699adb08-f1e5-4be8-b17b-792b62a6747d:1374
5:699adb08-f1e5-4be8-b17b-792b62a6747d:6917536724222477663,4:699adb08-f1e5-4be8-b17b-792b62a6747d:1027,4:699adb08-f1e5-4be8-b17b-792b62a6747d:1375
5:699adb08-f1e5-4be8-b17b-792b62a6747d:6917536724222477664,4:699adb08-f1e5-4be8-b17b-792b62a6747d:1027,4:699adb08-f1e5-4be8-b17b-792b62a6747d:1376
5:699adb08-f1e5-4be8-b17b-792b62a6747d:6917536724222477558,4:699adb08-f1e5-4be8-b17b-792b62a6747d:629,4:699adb08-f1e5-4be8-b17b-792b62a6747d:1270
5:699adb08-f1e5-4be8-b17b-792b62a6747d:6917536724222477559,4:699adb08-f1e5-4be8-b17b-792b62a6747d:629,4:699adb08-f1e5-4be8-b17b-792b62a6747d:1271
5:699adb08-f1e5-4be8-b17b-792b62a6747d:6917536724222477560,4:699adb08-f1e5-4be8-b17b-792b62a6747d:629,4:699adb08-f1e5-4be8-b17b-792b62a6747d:1272
5:699adb08-f1e5-4be8-b17b-792b62a6747d:6917536724222477561,4:699adb08-f1e5-4be8-b17b-792b62a6747d:630,4:699adb08-f1e5-4be8-b17b-792b62a6747d:1273
5:699adb08-f1e5-4be8-b17b-792b62a6747d:6917536724222477562,4:699adb08-f1e5-4be8-b17b-792b62a6747d:630,4:699adb08-f1e5-4be8-b17b-792b62a6747d:1274
5:699adb08-f1e5-4be8-b17b-792b62a6747d:6917536724222477563,4:699adb08-f1e5-4be8-b17b-792b62a6747d:630,4:699adb08-f1e5-4be8-b17b-792b62a6747d:1275
5:699adb08-f1e5-4be8-b17b-792b62a6747d:6917536724222477564,4:699adb08-f1e5-4be8-b17b-792b62a6747d:631,4:699adb08-f1e5-4be8-b17b-792b62a6747d:1276
5:699adb08-f1e5-4be8-b17b-792b62a6747d:6917536724222477565,4:699adb08-f1e5-4be8-b17b-792b62a6747d:631,4:699adb08-f1e5-4be8-b17b-792b62a6747d:1277
5:699adb08-f1e5-4be8-b17b-792b62a6747d:6917536724222477566,4:699adb08-f1e5-4be8-b17b-792b62a6747d:631,4:699adb08-f1e5-4be8-b17b-792b62a6747d:1278
5:699adb08-f1e5-4be8-b17b-792b62a6747d:6917536724222477567,4:699adb08-f1e5-4be8-b17b-792b62a6747d:632,4:699adb08-f1e5-4be8-b17b-792b62a6747d:1279
5:699adb08-f1e5-4be8-b17b-792b62a6747d:6917536724222477568,4:699adb08-f1e5-4be8-b17b-792b62a6747d:632,4:699adb08-f1e5-4be8-b17b-792b62a6747d:1280
5:699adb08-f1e5-4be8-b17b-792b62a6747d:6917536724222477569,4:699adb08-f1e5-4be8-b17b-792b62a6747d:632,4:699adb08-f1e5-4be8-b17b-792b62a6747d:1281
5:699adb08-f1e5-4be8-b17b-792b62a6747d:6917536724222477570,4:699adb08-f1e5-4be8-b17b-792b62a6747d:633,4:699adb08-f1e5-4be8-b17b-792b62a6747d:1282
5:699adb08-f1e5-4be8-b17b-792b62a6747d:6917536724222477571,4:699adb08-f1e5-4be8-b17b-792b62a6747d:633,4:699adb08-f1e5-4be8-b17b-792b62a6747d:1283
5:699adb08-f1e5-4be8-b17b-792b62a6747d:6917536724222477572,4:699adb08-f1e5-4be8-b17b-792b62a6747d:633,4:699adb08-f1e5-4be8-b17b-792b62a6747d:1284
5:699adb08-f1e5-4be8-b17b-792b62a6747d:6917536724222477573,4:699adb08-f1e5-4be8-b17b-792b62a6747d:634,4:699adb08-f1e5-4be8-b17b-792b62a6747d:1285
5:699adb08-f1e5-4be8-b17b-792b62a6747d:6917536724222477574,4:699adb08-f1e5-4be8-b17b-792b62a6747d:634,4:699adb08-f1e5-4be8-b17b-792b62a6747d:1286
5:699adb08-f1e5-4be8-b17b-792b62a6747d:6917536724222477575,4:699adb08-f1e5-4be8-b17b-792b62a6747d:634,4:699adb08-f1e5-4be8-b17b-792b62a6747d:1287
5:699adb08-f1e5-4be8-b17b-792b62a6747d:6917536724222477576,4:699adb08-f1e5-4be8-b17b-792b62a6747d:635,4:699adb08-f1e5-4be8-b17b-792b62a6747d:1288
5:699adb08-f1e5-4be8-b17b-792b62a6747d:6917536724222477577,4:699adb08-f1e5-4be8-b17b-792b62a6747d:635,4:699adb08-f1e5-4be8-b17b-792b62a6747d:1289
5:699adb08-f1e5-4be8-b17b-792b62a6747d:6917536724222477578,4:699adb08-f1e5-4be8-b17b-792b62a6747d:635,4:699adb08-f1e5-4be8-b17b-792b62a6747d:1290
5:699adb08-f1e5-4be8-b17b-792b62a6747d:6917536724222477579,4:699adb08-f1e5-4be8-b17b-792b62a6747d:635,4:699adb08-f1e5-4be8-b17b-792b62a6747d:1291
5:699adb08-f1e5-4be8-b17b-792b62a6747d:6917536724222477580,4:699adb08-f1e5-4be8-b17b-792b62a6747d:636,4:699adb08-f1e5-4be8-b17b-792b62a6747d:1292
5:699adb08-f1e5-4be8-b17b-792b62a6747d:6917536724222477581,4:699adb08-f1e5-4be8-b17b-792b62a6747d:636,4:699adb08-f1e5-4be8-b17b-792b62a6747d:1293
5:699adb08-f1e5-4be8-b17b-792b62a6747d:6917536724222477582,4:699adb08-f1e5-4be8-b17b-792b62a6747d:636,4:699adb08-f1e5-4be8-b17b-792b62a6747d:1294
5:699adb08-f1e5-4be8-b17b-792b62a6747d:6917536724222477583,4:699adb08-f1e5-4be8-b17b-792b62a6747d:637,4:699adb08-f1e5-4be8-b17b-792b62a6747d:1295
5:699adb08-f1e5-4be8-b17b-792b62a6747d:6917536724222477584,4:699adb08-f1e5-4be8-b17b-792b62a6747d:637,4:699adb08-f1e5-4be8-b17b-792b62a6747d:1296
5:699adb08-f1e5-4be8-b17b-792b62a6747d:6917536724222477585,4:699adb08-f1e5-4be8-b17b-792b62a6747d:637,4:699adb08-f1e5-4be8-b17b-792b62a6747d:1297
5:699adb08-f1e5-4be8-b17b-792b62a6747d:6917536724222477586,4:699adb08-f1e5-4be8-b17b-792b62a6747d:638,4:699adb08-f1e5-4be8-b17b-792b62a6747d:1298
5:699adb08-f1e5-4be8-b17b-792b62a6747d:6917536724222477587,4:699adb08-f1e5-4be8-b17b-792b62a6747d:638,4:699adb08-f1e5-4be8-b17b-792b62a6747d:1299
5:699adb08-f1e5-4be8-b17b-792b62a6747d:6917536724222477588,4:699adb08-f1e5-4be8-b17b-792b62a6747d:638,4:699adb08-f1e5-4be8-b17b-792b62a6747d:1300
5:699adb08-f1e5-4be8-b17b-792b62a6747d:6917536724222477589,4:699adb08-f1e5-4be8-b17b-792b62a6747d:639,4:699adb08-f1e5-4be8-b17b-792b62a6747d:1301
5:699adb08-f1e5-4be8-b17b-792b62a6747d:6917536724222477590,4:699adb08-f1e5-4be8-b17b-792b62a6747d:639,4:699adb08-f1e5-4be8-b17b-792b62a6747d:1302
5:699adb08-f1e5-4be8-b17b-792b62a6747d:6917536724222477591,4:699adb08-f1e5-4be8-b17b-792b62a6747d:639,4:699adb08-f1e5-4be8-b17b-792b62a6747d:1303
5:699adb08-f1e5-4be8-b17b-792b62a6747d:6917536724222477592,4:699adb08-f1e5-4be8-b17b-792b62a6747d:639,4:699adb08-f1e5-4be8-b17b-792b62a6747d:1304
5:699adb08-f1e5-4be8-b17b-792b62a6747d:6917536724222477593,4:699adb08-f1e5-4be8-b17b-792b62a6747d:639,4:699adb08-f1e5-4be8-b17b-792b62a6747d:1305
5:699adb08-f1e5-4be8-b17b-792b62a6747d:6917536724222477594,4:699adb08-f1e5-4be8-b17b-792b62a6747d:639,4:699adb08-f1e5-4be8-b17b-792b62a6747d:1306
5:699adb08-f1e5-4be8-b17b-792b62a6747d:6917536724222477595,4:699adb08-f1e5-4be8-b17b-792b62a6747d:639,4:699adb08-f1e5-4be8-b17b-792b62a6747d:1307
5:699adb08-f1e5-4be8-b17b-792b62a6747d:6917536724222477596,4:699adb08-f1e5-4be8-b17b-792b62a6747d:640,4:699adb08-f1e5-4be8-b17b-792b62a6747d:1308
5:699adb08-f1e5-4be8-b17b-792b62a6747d:6917536724222477597,4:699adb08-f1e5-4be8-b17b-792b62a6747d:640,4:699adb08-f1e5-4be8-b17b-792b62a6747d:1309
5:699adb08-f1e5-4be8-b17b-792b62a6747d:6917536724222477598,4:699adb08-f1e5-4be8-b17b-792b62a6747d:640,4:699adb08-f1e5-4be8-b17b-792b62a6747d:1310
5:699adb08-f1e5-4be8-b17b-792b62a6747d:6917536724222477599,4:699adb08-f1e5-4be8-b17b-792b62a6747d:640,4:699adb08-f1e5-4be8-b17b-792b62a6747d:1311
5:699adb08-f1e5-4be8-b17b-792b62a6747d:6917536724222477600,4:699adb08-f1e5-4be8-b17b-792b62a6747d:641,4:699adb08-f1e5-4be8-b17b-792b62a6747d:1312
5:699adb08-f1e5-4be8-b17b-792b62a6747d:6917536724222477601,4:699adb08-f1e5-4be8-b17b-792b62a6747d:641,4:699adb08-f1e5-4be8-b17b-792b62a6747d:1313
5:699adb08-f1e5-4be8-b17b-792b62a6747d:6917536724222477602,4:699adb08-f1e5-4be8-b17b-792b62a6747d:641,4:699adb08-f1e5-4be8-b17b-792b62a6747d:1314
5:699adb08-f1e5-4be8-b17b-792b62a6747d:6917536724222477603,4:699adb08-f1e5-4be8-b17b-792b62a6747d:642,4:699adb08-f1e5-4be8-b17b-792b62a6747d:1315
5:699adb08-f1e5-4be8-b17b-792b62a6747d:6917536724222477604,4:699adb08-f1e5-4be8-b17b-792b62a6747d:642,4:699adb08-f1e5-4be8-b17b-792b62a6747d:1316
5:699adb08-f1e5-4be8-b17b-792b62a6747d:6917536724222477605,4:699adb08-f1e5-4be8-b17b-792b62a6747d:642,4:699adb08-f1e5-4be8-b17b-792b62a6747d:1317
5:699adb08-f1e5-4be8-b17b-792b62a6747d:6917536724222477606,4:699adb08-f1e5-4be8-b17b-792b62a6747d:642,4:699adb08-f1e5-4be8-b17b-792b62a6747d:1318
5:699adb08-f1e5-4be8-b17b-792b62a6747d:6917536724222477607,4:699adb08-f1e5-4be8-b17b-792b62a6747d:643,4:699adb08-f1e5-4be8-b17b-792b62a6747d:1319
5:699adb08-f1e5-4be8-b17b-792b62a6747d:6917536724222477608,4:699adb08-f1e5-4be8-b17b-792b62a6747d:643,4:699adb08-f1e5-4be8-b17b-792b62a6747d:1320
5:699adb08-f1e5-4be8-b17b-792b62a6747d:6917536724222477609,4:699adb08-f1e5-4be8-b17b-792b62a6747d:643,4:699adb08-f1e5-4be8-b17b-792b62a6747d:1321
5:699adb08-f1e5-4be8-b17b-792b62a6747d:6917536724222477610,4:699adb08-f1e5-4be8-b17b-792b62a6747d:644,4:699adb08-f1e5-4be8-b17b-792b62a6747d:1322
5:699adb08-f1e5-4be8-b17b-792b62a6747d:6917536724222477611,4:699adb08-f1e5-4be8-b17b-792b62a6747d:644,4:699adb08-f1e5-4be8-b17b-792b62a6747d:1323
5:699adb08-f1e5-4be8-b17b-792b62a6747d:6917536724222477612,4:699adb08-f1e5-4be8-b17b-792b62a6747d:644,4:699adb08-f1e5-4be8-b17b-792b62a6747d:1324
5:699adb08-f1e5-4be8-b17b-792b62a6747d:6917536724222477613,4:699adb08-f1e5-4be8-b17b-792b62a6747d:645,4:699adb08-f1e5-4be8-b17b-792b62a6747d:1325
5:699adb08-f1e5-4be8-b17b-792b62a6747d:6917536724222477614,4:699adb08-f1e5-4be8-b17b-792b62a6747d:645,4:699adb08-f1e5-4be8-b17b-792b62a6747d:1326
5:699adb08-f1e5-4be8-b17b-792b62a6747d:6917536724222477615,4:699adb08-f1e5-4be8-b17b-792b62a6747d:645,4:699adb08-f1e5-4be8-b17b-792b62a6747d:1327
5:699adb08-f1e5-4be8-b17b-792b62a6747d:6917536724222477616,4:699adb08-f1e5-4be8-b17b-792b62a6747d:645,4:699adb08-f1e5-4be8-b17b-792b62a6747d:1328
5:699adb08-f1e5-4be8-b17b-792b62a6747d:6917536724222477617,4:699adb08-f1e5-4be8-b17b-792b62a6747d:645,4:699adb08-f1e5-4be8-b17b-792b62a6747d:1329
5:699adb08-f1e5-4be8-b17b-792b62a6747d:6917536724222477618,4:699adb08-f1e5-4be8-b17b-792b62a6747d:645,4:699adb08-f1e5-4be8-b17b-792b62a6747d:1330
5:699adb08-f1e5-4be8-b17b-792b62a6747d:6917536724222477619,4:699adb08-f1e5-4be8-b17b-792b62a6747d:646,4:699adb08-f1e5-4be8-b17b-792b62a6747d:1331
5:699adb08-f1e5-4be8-b17b-792b62a6747d:6917536724222477620,4:699adb08-f1e5-4be8-b17b-792b62a6747d:646,4:699adb08-f1e5-4be8-b17b-792b62a6747d:1332
5:699adb08-f1e5-4be8-b17b-792b62a6747d:6917536724222477621,4:699adb08-f1e5-4be8-b17b-792b62a6747d:646,4:699adb08-f1e5-4be8-b17b-792b62a6747d:1333
5:699adb08-f1e5-4be8-b17b-792b62a6747d:6917536724222477622,4:699adb08-f1e5-4be8-b17b-792b62a6747d:647,4:699adb08-f1e5-4be8-b17b-792b62a6747d:1334
5:699adb08-f1e5-4be8-b17b-792b62a6747d:6917536724222477623,4:699adb08-f1e5-4be8-b17b-792b62a6747d:647,4:699adb08-f1e5-4be8-b17b-792b62a6747d:1335
5:699adb08-f1e5-4be8-b17b-792b62a6747d:6917536724222477624,4:699adb08-f1e5-4be8-b17b-792b62a6747d:647,4:699adb08-f1e5-4be8-b17b-792b62a6747d:1336
5:699adb08-f1e5-4be8-b17b-792b62a6747d:6917536724222477625,4:699adb08-f1e5-4be8-b17b-792b62a6747d:648,4:699adb08-f1e5-4be8-b17b-792b62a6747d:1337
5:699adb08-f1e5-4be8-b17b-792b62a6747d:6917536724222477626,4:699adb08-f1e5-4be8-b17b-792b62a6747d:649,4:699adb08-f1e5-4be8-b17b-792b62a6747d:1338
5:699adb08-f1e5-4be8-b17b-792b62a6747d:6917536724222477627,4:699adb08-f1e5-4be8-b17b-792b62a6747d:649,4:699adb08-f1e5-4be8-b17b-792b62a6747d:1339
5:699adb08-f1e5-4be8-b17b-792b62a6747d:6917536724222477628,4:699adb08-f1e5-4be8-b17b-792b62a6747d:649,4:699adb08-f1e5-4be8-b17b-792b62a6747d:1340
5:699adb08-f1e5-4be8-b17b-792b62a6747d:6917536724222477629,4:699adb08-f1e5-4be8-b17b-792b62a6747d:650,4:699adb08-f1e5-4be8-b17b-792b62a6747d:1341
5:699adb08-f1e5-4be8-b17b-792b62a6747d:6917536724222477630,4:699adb08-f1e5-4be8-b17b-792b62a6747d:650,4:699adb08-f1e5-4be8-b17b-792b62a6747d:1342
5:699adb08-f1e5-4be8-b17b-792b62a6747d:6917536724222477631,4:699adb08-f1e5-4be8-b17b-792b62a6747d:650,4:699adb08-f1e5-4be8-b17b-792b62a6747d:1343
5:699adb08-f1e5-4be8-b17b-792b62a6747d:6917536724222477632,4:699adb08-f1e5-4be8-b17b-792b62a6747d:651,4:699adb08-f1e5-4be8-b17b-792b62a6747d:1344
5:699adb08-f1e5-4be8-b17b-792b62a6747d:6917536724222477633,4:699adb08-f1e5-4be8-b17b-792b62a6747d:651,4:699adb08-f1e5-4be8-b17b-792b62a6747d:1345
5:699adb08-f1e5-4be8-b17b-792b62a6747d:6917536724222477634,4:699adb08-f1e5-4be8-b17b-792b62a6747d:651,4:699adb08-f1e5-4be8-b17b-792b62a6747d:1346
5:699adb08-f1e5-4be8-b17b-792b62a6747d:6917536724222477635,4:699adb08-f1e5-4be8-b17b-792b62a6747d:652,4:699adb08-f1e5-4be8-b17b-792b62a6747d:1347
5:699adb08-f1e5-4be8-b17b-792b62a6747d:6917536724222477636,4:699adb08-f1e5-4be8-b17b-792b62a6747d:652,4:699adb08-f1e5-4be8-b17b-792b62a6747d:1348
5:699adb08-f1e5-4be8-b17b-792b62a6747d:6917536724222477637,4:699adb08-f1e5-4be8-b17b-792b62a6747d:653,4:699adb08-f1e5-4be8-b17b-792b62a6747d:1349
5:699adb08-f1e5-4be8-b17b-792b62a6747d:6917536724222477638,4:699adb08-f1e5-4be8-b17b-792b62a6747d:653,4:699adb08-f1e5-4be8-b17b-792b62a6747d:1350
5:699adb08-f1e5-4be8-b17b-792b62a6747d:6917536724222477639,4:699adb08-f1e5-4be8-b17b-792b62a6747d:653,4:699adb08-f1e5-4be8-b17b-792b62a6747d:1351
5:699adb08-f1e5-4be8-b17b-792b62a6747d:6917536724222477640,4:699adb08-f1e5-4be8-b17b-792b62a6747d:654,4:699adb08-f1e5-4be8-b17b-792b62a6747d:1352
5:699adb08-f1e5-4be8-b17b-792b62a6747d:6917536724222477641,4:699adb08-f1e5-4be8-b17b-792b62a6747d:654,4:699adb08-f1e5-4be8-b17b-792b62a6747d:1353
5:699adb08-f1e5-4be8-b17b-792b62a6747d:6917536724222477642,4:699adb08-f1e5-4be8-b17b-792b62a6747d:654,4:699adb08-f1e5-4be8-b17b-792b62a6747d:1354
5:699adb08-f1e5-4be8-b17b-792b62a6747d:6917536724222477643,4:699adb08-f1e5-4be8-b17b-792b62a6747d:654,4:699adb08-f1e5-4be8-b17b-792b62a6747d:1355
5:699adb08-f1e5-4be8-b17b-792b62a6747d:6917536724222477644,4:699adb08-f1e5-4be8-b17b-792b62a6747d:655,4:699adb08-f1e5-4be8-b17b-792b62a6747d:1356
5:699adb08-f1e5-4be8-b17b-792b62a6747d:6917536724222477645,4:699adb08-f1e5-4be8-b17b-792b62a6747d:655,4:699adb08-f1e5-4be8-b17b-792b62a6747d:1357
