relationship_element_id,start_node_element_id,end_node_element_id,source
5:699adb08-f1e5-4be8-b17b-792b62a6747d:1164184901721784320,4:699adb08-f1e5-4be8-b17b-792b62a6747d:0,4:699adb08-f1e5-4be8-b17b-792b62a6747d:1000,md
5:699adb08-f1e5-4be8-b17b-792b62a6747d:1166436701535469568,4:699adb08-f1e5-4be8-b17b-792b62a6747d:0,4:699adb08-f1e5-4be8-b17b-792b62a6747d:1001,md
5:699adb08-f1e5-4be8-b17b-792b62a6747d:1168688501349154816,4:699adb08-f1e5-4be8-b17b-792b62a6747d:0,4:699adb08-f1e5-4be8-b17b-792b62a6747d:1002,md
5:699adb08-f1e5-4be8-b17b-792b62a6747d:1170940301162840064,4:699adb08-f1e5-4be8-b17b-792b62a6747d:0,4:699adb08-f1e5-4be8-b17b-792b62a6747d:1003,md
5:699adb08-f1e5-4be8-b17b-792b62a6747d:1173192100976525312,4:699adb08-f1e5-4be8-b17b-792b62a6747d:0,4:699adb08-f1e5-4be8-b17b-792b62a6747d:1004,md
5:699adb08-f1e5-4be8-b17b-792b62a6747d:1175443900790210560,4:699adb08-f1e5-4be8-b17b-792b62a6747d:0,4:699adb08-f1e5-4be8-b17b-792b62a6747d:1005,md
5:699adb08-f1e5-4be8-b17b-792b62a6747d:1177695700603895808,4:699adb08-f1e5-4be8-b17b-792b62a6747d:0,4:699adb08-f1e5-4be8-b17b-792b62a6747d:1006,md
5:699adb08-f1e5-4be8-b17b-792b62a6747d:1179947500417581056,4:699adb08-f1e5-4be8-b17b-792b62a6747d:0,4:699adb08-f1e5-4be8-b17b-792b62a6747d:1007,md
5:699adb08-f1e5-4be8-b17b-792b62a6747d:1182199300231266304,4:699adb08-f1e5-4be8-b17b-792b62a6747d:0,4:699adb08-f1e5-4be8-b17b-792b62a6747d:1008,md
5:699adb08-f1e5-4be8-b17b-792b62a6747d:1184451100044951552,4:699adb08-f1e5-4be8-b17b-792b62a6747d:0,4:699adb08-f1e5-4be8-b17b-792b62a6747d:1009,csv
5:699adb08-f1e5-4be8-b17b-792b62a6747d:1186702899858636800,4:699adb08-f1e5-4be8-b17b-792b62a6747d:0,4:699adb08-f1e5-4be8-b17b-792b62a6747d:1010,csv
5:699adb08-f1e5-4be8-b17b-792b62a6747d:1188954699672322048,4:699adb08-f1e5-4be8-b17b-792b62a6747d:0,4:699adb08-f1e5-4be8-b17b-792b62a6747d:1011,csv
5:699adb08-f1e5-4be8-b17b-792b62a6747d:1191206499486007296,4:699adb08-f1e5-4be8-b17b-792b62a6747d:0,4:699adb08-f1e5-4be8-b17b-792b62a6747d:1012,csv
5:699adb08-f1e5-4be8-b17b-792b62a6747d:1193458299299692544,4:699adb08-f1e5-4be8-b17b-792b62a6747d:0,4:699adb08-f1e5-4be8-b17b-792b62a6747d:1013,csv
5:699adb08-f1e5-4be8-b17b-792b62a6747d:1195710099113377792,4:699adb08-f1e5-4be8-b17b-792b62a6747d:0,4:699adb08-f1e5-4be8-b17b-792b62a6747d:1014,csv
5:699adb08-f1e5-4be8-b17b-792b62a6747d:1197961898927063040,4:699adb08-f1e5-4be8-b17b-792b62a6747d:0,4:699adb08-f1e5-4be8-b17b-792b62a6747d:1015,csv
5:699adb08-f1e5-4be8-b17b-792b62a6747d:1200213698740748288,4:699adb08-f1e5-4be8-b17b-792b62a6747d:0,4:699adb08-f1e5-4be8-b17b-792b62a6747d:1016,csv
5:699adb08-f1e5-4be8-b17b-792b62a6747d:1202465498554433536,4:699adb08-f1e5-4be8-b17b-792b62a6747d:0,4:699adb08-f1e5-4be8-b17b-792b62a6747d:1017,csv
5:699adb08-f1e5-4be8-b17b-792b62a6747d:1204717298368118784,4:699adb08-f1e5-4be8-b17b-792b62a6747d:0,4:699adb08-f1e5-4be8-b17b-792b62a6747d:1018,csv
5:699adb08-f1e5-4be8-b17b-792b62a6747d:1206969098181804032,4:699adb08-f1e5-4be8-b17b-792b62a6747d:0,4:699adb08-f1e5-4be8-b17b-792b62a6747d:1019,csv
5:699adb08-f1e5-4be8-b17b-792b62a6747d:1209220897995489280,4:699adb08-f1e5-4be8-b17b-792b62a6747d:0,4:699adb08-f1e5-4be8-b17b-792b62a6747d:1020,csv
5:699adb08-f1e5-4be8-b17b-792b62a6747d:1211472697809174528,4:699adb08-f1e5-4be8-b17b-792b62a6747d:0,4:699adb08-f1e5-4be8-b17b-792b62a6747d:1021,csv
5:699adb08-f1e5-4be8-b17b-792b62a6747d:1152925902653358080,4:699adb08-f1e5-4be8-b17b-792b62a6747d:0,4:699adb08-f1e5-4be8-b17b-792b62a6747d:995,md
5:699adb08-f1e5-4be8-b17b-792b62a6747d:1155177702467043328,4:699adb08-f1e5-4be8-b17b-792b62a6747d:0,4:699adb08-f1e5-4be8-b17b-792b62a6747d:996,md
5:699adb08-f1e5-4be8-b17b-792b62a6747d:1157429502280728576,4:699adb08-f1e5-4be8-b17b-792b62a6747d:0,4:699adb08-f1e5-4be8-b17b-792b62a6747d:997,md
5:699adb08-f1e5-4be8-b17b-792b62a6747d:1159681302094413824,4:699adb08-f1e5-4be8-b17b-792b62a6747d:0,4:699adb08-f1e5-4be8-b17b-792b62a6747d:998,md
5:699adb08-f1e5-4be8-b17b-792b62a6747d:1161933101908099072,4:699adb08-f1e5-4be8-b17b-792b62a6747d:0,4:699adb08-f1e5-4be8-b17b-792b62a6747d:999,md
5:699adb08-f1e5-4be8-b17b-792b62a6747d:1152925902653358081,4:699adb08-f1e5-4be8-b17b-792b62a6747d:1,4:699adb08-f1e5-4be8-b17b-792b62a6747d:1022,md
5:699adb08-f1e5-4be8-b17b-792b62a6747d:1155177702467043329,4:699adb08-f1e5-4be8-b17b-792b62a6747d:1,4:699adb08-f1e5-4be8-b17b-792b62a6747d:1023,md
5:699adb08-f1e5-4be8-b17b-792b62a6747d:1157429502280728577,4:699adb08-f1e5-4be8-b17b-792b62a6747d:1,4:699adb08-f1e5-4be8-b17b-792b62a6747d:1065,md
5:699adb08-f1e5-4be8-b17b-792b62a6747d:1159681302094413825,4:699adb08-f1e5-4be8-b17b-792b62a6747d:1,4:699adb08-f1e5-4be8-b17b-792b62a6747d:1066,md
5:699adb08-f1e5-4be8-b17b-792b62a6747d:1161933101908099073,4:699adb08-f1e5-4be8-b17b-792b62a6747d:1,4:699adb08-f1e5-4be8-b17b-792b62a6747d:1067,md
5:699adb08-f1e5-4be8-b17b-792b62a6747d:1164184901721784321,4:699adb08-f1e5-4be8-b17b-792b62a6747d:1,4:699adb08-f1e5-4be8-b17b-792b62a6747d:1068,md
5:699adb08-f1e5-4be8-b17b-792b62a6747d:1166436701535469569,4:699adb08-f1e5-4be8-b17b-792b62a6747d:1,4:699adb08-f1e5-4be8-b17b-792b62a6747d:1069,md
5:699adb08-f1e5-4be8-b17b-792b62a6747d:1168688501349154817,4:699adb08-f1e5-4be8-b17b-792b62a6747d:1,4:699adb08-f1e5-4be8-b17b-792b62a6747d:1070,md
5:699adb08-f1e5-4be8-b17b-792b62a6747d:1170940301162840065,4:699adb08-f1e5-4be8-b17b-792b62a6747d:1,4:699adb08-f1e5-4be8-b17b-792b62a6747d:1071,md
5:699adb08-f1e5-4be8-b17b-792b62a6747d:1173192100976525313,4:699adb08-f1e5-4be8-b17b-792b62a6747d:1,4:699adb08-f1e5-4be8-b17b-792b62a6747d:1072,md
5:699adb08-f1e5-4be8-b17b-792b62a6747d:1175443900790210561,4:699adb08-f1e5-4be8-b17b-792b62a6747d:1,4:699adb08-f1e5-4be8-b17b-792b62a6747d:1073,md
5:699adb08-f1e5-4be8-b17b-792b62a6747d:1177695700603895809,4:699adb08-f1e5-4be8-b17b-792b62a6747d:1,4:699adb08-f1e5-4be8-b17b-792b62a6747d:1074,csv
5:699adb08-f1e5-4be8-b17b-792b62a6747d:1179947500417581057,4:699adb08-f1e5-4be8-b17b-792b62a6747d:1,4:699adb08-f1e5-4be8-b17b-792b62a6747d:1075,csv
5:699adb08-f1e5-4be8-b17b-792b62a6747d:1182199300231266305,4:699adb08-f1e5-4be8-b17b-792b62a6747d:1,4:699adb08-f1e5-4be8-b17b-792b62a6747d:1076,csv
5:699adb08-f1e5-4be8-b17b-792b62a6747d:1184451100044951553,4:699adb08-f1e5-4be8-b17b-792b62a6747d:1,4:699adb08-f1e5-4be8-b17b-792b62a6747d:1077,csv
5:699adb08-f1e5-4be8-b17b-792b62a6747d:1186702899858636801,4:699adb08-f1e5-4be8-b17b-792b62a6747d:1,4:699adb08-f1e5-4be8-b17b-792b62a6747d:1078,csv
5:699adb08-f1e5-4be8-b17b-792b62a6747d:1188954699672322049,4:699adb08-f1e5-4be8-b17b-792b62a6747d:1,4:699adb08-f1e5-4be8-b17b-792b62a6747d:1079,csv
5:699adb08-f1e5-4be8-b17b-792b62a6747d:1191206499486007297,4:699adb08-f1e5-4be8-b17b-792b62a6747d:1,4:699adb08-f1e5-4be8-b17b-792b62a6747d:1080,csv
5:699adb08-f1e5-4be8-b17b-792b62a6747d:1193458299299692545,4:699adb08-f1e5-4be8-b17b-792b62a6747d:1,4:699adb08-f1e5-4be8-b17b-792b62a6747d:1081,csv
5:699adb08-f1e5-4be8-b17b-792b62a6747d:1195710099113377793,4:699adb08-f1e5-4be8-b17b-792b62a6747d:1,4:699adb08-f1e5-4be8-b17b-792b62a6747d:1082,csv
5:699adb08-f1e5-4be8-b17b-792b62a6747d:1197961898927063041,4:699adb08-f1e5-4be8-b17b-792b62a6747d:1,4:699adb08-f1e5-4be8-b17b-792b62a6747d:1083,csv
5:699adb08-f1e5-4be8-b17b-792b62a6747d:1152925902653359104,4:699adb08-f1e5-4be8-b17b-792b62a6747d:1024,4:699adb08-f1e5-4be8-b17b-792b62a6747d:1084,md
5:699adb08-f1e5-4be8-b17b-792b62a6747d:1155177702467044352,4:699adb08-f1e5-4be8-b17b-792b62a6747d:1024,4:699adb08-f1e5-4be8-b17b-792b62a6747d:1085,md
5:699adb08-f1e5-4be8-b17b-792b62a6747d:1157429502280729600,4:699adb08-f1e5-4be8-b17b-792b62a6747d:1024,4:699adb08-f1e5-4be8-b17b-792b62a6747d:1086,md
5:699adb08-f1e5-4be8-b17b-792b62a6747d:1161933101908100096,4:699adb08-f1e5-4be8-b17b-792b62a6747d:1024,4:699adb08-f1e5-4be8-b17b-792b62a6747d:1087,md
5:699adb08-f1e5-4be8-b17b-792b62a6747d:1164184901721785344,4:699adb08-f1e5-4be8-b17b-792b62a6747d:1024,4:699adb08-f1e5-4be8-b17b-792b62a6747d:1088,csv
5:699adb08-f1e5-4be8-b17b-792b62a6747d:1166436701535470592,4:699adb08-f1e5-4be8-b17b-792b62a6747d:1024,4:699adb08-f1e5-4be8-b17b-792b62a6747d:1089,csv
5:699adb08-f1e5-4be8-b17b-792b62a6747d:1168688501349155840,4:699adb08-f1e5-4be8-b17b-792b62a6747d:1024,4:699adb08-f1e5-4be8-b17b-792b62a6747d:1090,csv
5:699adb08-f1e5-4be8-b17b-792b62a6747d:1170940301162841088,4:699adb08-f1e5-4be8-b17b-792b62a6747d:1024,4:699adb08-f1e5-4be8-b17b-792b62a6747d:1091,csv
5:699adb08-f1e5-4be8-b17b-792b62a6747d:1159681302094414848,4:699adb08-f1e5-4be8-b17b-792b62a6747d:1024,4:699adb08-f1e5-4be8-b17b-792b62a6747d:957,md
5:699adb08-f1e5-4be8-b17b-792b62a6747d:1152925902653359105,4:699adb08-f1e5-4be8-b17b-792b62a6747d:1025,4:699adb08-f1e5-4be8-b17b-792b62a6747d:1092,md
5:699adb08-f1e5-4be8-b17b-792b62a6747d:1155177702467044353,4:699adb08-f1e5-4be8-b17b-792b62a6747d:1025,4:699adb08-f1e5-4be8-b17b-792b62a6747d:1093,md
5:699adb08-f1e5-4be8-b17b-792b62a6747d:1157429502280729601,4:699adb08-f1e5-4be8-b17b-792b62a6747d:1025,4:699adb08-f1e5-4be8-b17b-792b62a6747d:1094,md
5:699adb08-f1e5-4be8-b17b-792b62a6747d:1159681302094414849,4:699adb08-f1e5-4be8-b17b-792b62a6747d:1025,4:699adb08-f1e5-4be8-b17b-792b62a6747d:1095,csv
5:699adb08-f1e5-4be8-b17b-792b62a6747d:1161933101908100097,4:699adb08-f1e5-4be8-b17b-792b62a6747d:1025,4:699adb08-f1e5-4be8-b17b-792b62a6747d:1096,csv
5:699adb08-f1e5-4be8-b17b-792b62a6747d:1152925902653359106,4:699adb08-f1e5-4be8-b17b-792b62a6747d:1026,4:699adb08-f1e5-4be8-b17b-792b62a6747d:1097,md
5:699adb08-f1e5-4be8-b17b-792b62a6747d:1155177702467044354,4:699adb08-f1e5-4be8-b17b-792b62a6747d:1026,4:699adb08-f1e5-4be8-b17b-792b62a6747d:1098,md
5:699adb08-f1e5-4be8-b17b-792b62a6747d:1157429502280729602,4:699adb08-f1e5-4be8-b17b-792b62a6747d:1026,4:699adb08-f1e5-4be8-b17b-792b62a6747d:1099,md
5:699adb08-f1e5-4be8-b17b-792b62a6747d:1159681302094414850,4:699adb08-f1e5-4be8-b17b-792b62a6747d:1026,4:699adb08-f1e5-4be8-b17b-792b62a6747d:1100,csv
5:699adb08-f1e5-4be8-b17b-792b62a6747d:1161933101908100098,4:699adb08-f1e5-4be8-b17b-792b62a6747d:1026,4:699adb08-f1e5-4be8-b17b-792b62a6747d:1101,csv
5:699adb08-f1e5-4be8-b17b-792b62a6747d:1152925902653359107,4:699adb08-f1e5-4be8-b17b-792b62a6747d:1027,4:699adb08-f1e5-4be8-b17b-792b62a6747d:1102,md
5:699adb08-f1e5-4be8-b17b-792b62a6747d:1155177702467044355,4:699adb08-f1e5-4be8-b17b-792b62a6747d:1027,4:699adb08-f1e5-4be8-b17b-792b62a6747d:1103,md
5:699adb08-f1e5-4be8-b17b-792b62a6747d:1157429502280729603,4:699adb08-f1e5-4be8-b17b-792b62a6747d:1027,4:699adb08-f1e5-4be8-b17b-792b62a6747d:1104,md
5:699adb08-f1e5-4be8-b17b-792b62a6747d:1159681302094414851,4:699adb08-f1e5-4be8-b17b-792b62a6747d:1027,4:699adb08-f1e5-4be8-b17b-792b62a6747d:1105,md
5:699adb08-f1e5-4be8-b17b-792b62a6747d:1161933101908100099,4:699adb08-f1e5-4be8-b17b-792b62a6747d:1027,4:699adb08-f1e5-4be8-b17b-792b62a6747d:1106,csv
5:699adb08-f1e5-4be8-b17b-792b62a6747d:1164184901721785347,4:699adb08-f1e5-4be8-b17b-792b62a6747d:1027,4:699adb08-f1e5-4be8-b17b-792b62a6747d:1107,csv
5:699adb08-f1e5-4be8-b17b-792b62a6747d:1166436701535470595,4:699adb08-f1e5-4be8-b17b-792b62a6747d:1027,4:699adb08-f1e5-4be8-b17b-792b62a6747d:1108,csv
5:699adb08-f1e5-4be8-b17b-792b62a6747d:1152925902653358709,4:699adb08-f1e5-4be8-b17b-792b62a6747d:629,4:699adb08-f1e5-4be8-b17b-792b62a6747d:837,md
5:699adb08-f1e5-4be8-b17b-792b62a6747d:1155177702467043957,4:699adb08-f1e5-4be8-b17b-792b62a6747d:629,4:699adb08-f1e5-4be8-b17b-792b62a6747d:838,md
5:699adb08-f1e5-4be8-b17b-792b62a6747d:1157429502280729205,4:699adb08-f1e5-4be8-b17b-792b62a6747d:629,4:699adb08-f1e5-4be8-b17b-792b62a6747d:839,md
5:699adb08-f1e5-4be8-b17b-792b62a6747d:1159681302094414453,4:699adb08-f1e5-4be8-b17b-792b62a6747d:629,4:699adb08-f1e5-4be8-b17b-792b62a6747d:840,csv
5:699adb08-f1e5-4be8-b17b-792b62a6747d:1161933101908099701,4:699adb08-f1e5-4be8-b17b-792b62a6747d:629,4:699adb08-f1e5-4be8-b17b-792b62a6747d:841,csv
5:699adb08-f1e5-4be8-b17b-792b62a6747d:1152925902653358710,4:699adb08-f1e5-4be8-b17b-792b62a6747d:630,4:699adb08-f1e5-4be8-b17b-792b62a6747d:842,md
5:699adb08-f1e5-4be8-b17b-792b62a6747d:1155177702467043958,4:699adb08-f1e5-4be8-b17b-792b62a6747d:630,4:699adb08-f1e5-4be8-b17b-792b62a6747d:843,md
5:699adb08-f1e5-4be8-b17b-792b62a6747d:1157429502280729206,4:699adb08-f1e5-4be8-b17b-792b62a6747d:630,4:699adb08-f1e5-4be8-b17b-792b62a6747d:844,md
5:699adb08-f1e5-4be8-b17b-792b62a6747d:1159681302094414454,4:699adb08-f1e5-4be8-b17b-792b62a6747d:630,4:699adb08-f1e5-4be8-b17b-792b62a6747d:845,csv
5:699adb08-f1e5-4be8-b17b-792b62a6747d:1161933101908099702,4:699adb08-f1e5-4be8-b17b-792b62a6747d:630,4:699adb08-f1e5-4be8-b17b-792b62a6747d:846,csv
5:699adb08-f1e5-4be8-b17b-792b62a6747d:1152925902653358711,4:699adb08-f1e5-4be8-b17b-792b62a6747d:631,4:699adb08-f1e5-4be8-b17b-792b62a6747d:847,md
5:699adb08-f1e5-4be8-b17b-792b62a6747d:1155177702467043959,4:699adb08-f1e5-4be8-b17b-792b62a6747d:631,4:699adb08-f1e5-4be8-b17b-792b62a6747d:848,md
5:699adb08-f1e5-4be8-b17b-792b62a6747d:1157429502280729207,4:699adb08-f1e5-4be8-b17b-792b62a6747d:631,4:699adb08-f1e5-4be8-b17b-792b62a6747d:849,md
5:699adb08-f1e5-4be8-b17b-792b62a6747d:1159681302094414455,4:699adb08-f1e5-4be8-b17b-792b62a6747d:631,4:699adb08-f1e5-4be8-b17b-792b62a6747d:850,md
5:699adb08-f1e5-4be8-b17b-792b62a6747d:1161933101908099703,4:699adb08-f1e5-4be8-b17b-792b62a6747d:631,4:699adb08-f1e5-4be8-b17b-792b62a6747d:851,md
5:699adb08-f1e5-4be8-b17b-792b62a6747d:1164184901721784951,4:699adb08-f1e5-4be8-b17b-792b62a6747d:631,4:699adb08-f1e5-4be8-b17b-792b62a6747d:852,csv
5:699adb08-f1e5-4be8-b17b-792b62a6747d:1166436701535470199,4:699adb08-f1e5-4be8-b17b-792b62a6747d:631,4:699adb08-f1e5-4be8-b17b-792b62a6747d:853,csv
5:699adb08-f1e5-4be8-b17b-792b62a6747d:1168688501349155447,4:699adb08-f1e5-4be8-b17b-792b62a6747d:631,4:699adb08-f1e5-4be8-b17b-792b62a6747d:854,csv
5:699adb08-f1e5-4be8-b17b-792b62a6747d:1170940301162840695,4:699adb08-f1e5-4be8-b17b-792b62a6747d:631,4:699adb08-f1e5-4be8-b17b-792b62a6747d:855,csv
5:699adb08-f1e5-4be8-b17b-792b62a6747d:1152925902653358712,4:699adb08-f1e5-4be8-b17b-792b62a6747d:632,4:699adb08-f1e5-4be8-b17b-792b62a6747d:856,md
5:699adb08-f1e5-4be8-b17b-792b62a6747d:1155177702467043960,4:699adb08-f1e5-4be8-b17b-792b62a6747d:632,4:699adb08-f1e5-4be8-b17b-792b62a6747d:857,md
5:699adb08-f1e5-4be8-b17b-792b62a6747d:1157429502280729208,4:699adb08-f1e5-4be8-b17b-792b62a6747d:632,4:699adb08-f1e5-4be8-b17b-792b62a6747d:858,md
5:699adb08-f1e5-4be8-b17b-792b62a6747d:1159681302094414456,4:699adb08-f1e5-4be8-b17b-792b62a6747d:632,4:699adb08-f1e5-4be8-b17b-792b62a6747d:859,csv
5:699adb08-f1e5-4be8-b17b-792b62a6747d:1161933101908099704,4:699adb08-f1e5-4be8-b17b-792b62a6747d:632,4:699adb08-f1e5-4be8-b17b-792b62a6747d:860,csv
5:699adb08-f1e5-4be8-b17b-792b62a6747d:1152925902653358713,4:699adb08-f1e5-4be8-b17b-792b62a6747d:633,4:699adb08-f1e5-4be8-b17b-792b62a6747d:861,md
5:699adb08-f1e5-4be8-b17b-792b62a6747d:1155177702467043961,4:699adb08-f1e5-4be8-b17b-792b62a6747d:633,4:699adb08-f1e5-4be8-b17b-792b62a6747d:862,md
5:699adb08-f1e5-4be8-b17b-792b62a6747d:1157429502280729209,4:699adb08-f1e5-4be8-b17b-792b62a6747d:633,4:699adb08-f1e5-4be8-b17b-792b62a6747d:863,md
5:699adb08-f1e5-4be8-b17b-792b62a6747d:1159681302094414457,4:699adb08-f1e5-4be8-b17b-792b62a6747d:633,4:699adb08-f1e5-4be8-b17b-792b62a6747d:864,csv
5:699adb08-f1e5-4be8-b17b-792b62a6747d:1161933101908099705,4:699adb08-f1e5-4be8-b17b-792b62a6747d:633,4:699adb08-f1e5-4be8-b17b-792b62a6747d:865,csv
5:699adb08-f1e5-4be8-b17b-792b62a6747d:1152925902653358714,4:699adb08-f1e5-4be8-b17b-792b62a6747d:634,4:699adb08-f1e5-4be8-b17b-792b62a6747d:866,md
5:699adb08-f1e5-4be8-b17b-792b62a6747d:1155177702467043962,4:699adb08-f1e5-4be8-b17b-792b62a6747d:634,4:699adb08-f1e5-4be8-b17b-792b62a6747d:867,csv
5:699adb08-f1e5-4be8-b17b-792b62a6747d:1157429502280729210,4:699adb08-f1e5-4be8-b17b-792b62a6747d:634,4:699adb08-f1e5-4be8-b17b-792b62a6747d:868,csv
5:699adb08-f1e5-4be8-b17b-792b62a6747d:1159681302094414458,4:699adb08-f1e5-4be8-b17b-792b62a6747d:634,4:699adb08-f1e5-4be8-b17b-792b62a6747d:869,remediation
5:699adb08-f1e5-4be8-b17b-792b62a6747d:1161933101908099706,4:699adb08-f1e5-4be8-b17b-792b62a6747d:634,4:699adb08-f1e5-4be8-b17b-792b62a6747d:870,remediation
5:699adb08-f1e5-4be8-b17b-792b62a6747d:1164184901721784954,4:699adb08-f1e5-4be8-b17b-792b62a6747d:634,4:699adb08-f1e5-4be8-b17b-792b62a6747d:871,remediation
5:699adb08-f1e5-4be8-b17b-792b62a6747d:1155177702467043963,4:699adb08-f1e5-4be8-b17b-792b62a6747d:635,4:699adb08-f1e5-4be8-b17b-792b62a6747d:848,md
5:699adb08-f1e5-4be8-b17b-792b62a6747d:1157429502280729211,4:699adb08-f1e5-4be8-b17b-792b62a6747d:635,4:699adb08-f1e5-4be8-b17b-792b62a6747d:863,md
5:699adb08-f1e5-4be8-b17b-792b62a6747d:1152925902653358715,4:699adb08-f1e5-4be8-b17b-792b62a6747d:635,4:699adb08-f1e5-4be8-b17b-792b62a6747d:872,md
5:699adb08-f1e5-4be8-b17b-792b62a6747d:1159681302094414459,4:699adb08-f1e5-4be8-b17b-792b62a6747d:635,4:699adb08-f1e5-4be8-b17b-792b62a6747d:873,csv
5:699adb08-f1e5-4be8-b17b-792b62a6747d:1161933101908099707,4:699adb08-f1e5-4be8-b17b-792b62a6747d:635,4:699adb08-f1e5-4be8-b17b-792b62a6747d:874,csv
5:699adb08-f1e5-4be8-b17b-792b62a6747d:1152925902653358716,4:699adb08-f1e5-4be8-b17b-792b62a6747d:636,4:699adb08-f1e5-4be8-b17b-792b62a6747d:875,md
5:699adb08-f1e5-4be8-b17b-792b62a6747d:1155177702467043964,4:699adb08-f1e5-4be8-b17b-792b62a6747d:636,4:699adb08-f1e5-4be8-b17b-792b62a6747d:876,md
5:699adb08-f1e5-4be8-b17b-792b62a6747d:1157429502280729212,4:699adb08-f1e5-4be8-b17b-792b62a6747d:636,4:699adb08-f1e5-4be8-b17b-792b62a6747d:877,md
5:699adb08-f1e5-4be8-b17b-792b62a6747d:1159681302094414460,4:699adb08-f1e5-4be8-b17b-792b62a6747d:636,4:699adb08-f1e5-4be8-b17b-792b62a6747d:878,md
5:699adb08-f1e5-4be8-b17b-792b62a6747d:1161933101908099708,4:699adb08-f1e5-4be8-b17b-792b62a6747d:636,4:699adb08-f1e5-4be8-b17b-792b62a6747d:879,md
5:699adb08-f1e5-4be8-b17b-792b62a6747d:1164184901721784956,4:699adb08-f1e5-4be8-b17b-792b62a6747d:636,4:699adb08-f1e5-4be8-b17b-792b62a6747d:880,md
5:699adb08-f1e5-4be8-b17b-792b62a6747d:1166436701535470204,4:699adb08-f1e5-4be8-b17b-792b62a6747d:636,4:699adb08-f1e5-4be8-b17b-792b62a6747d:881,md
5:699adb08-f1e5-4be8-b17b-792b62a6747d:1168688501349155452,4:699adb08-f1e5-4be8-b17b-792b62a6747d:636,4:699adb08-f1e5-4be8-b17b-792b62a6747d:882,csv
5:699adb08-f1e5-4be8-b17b-792b62a6747d:1170940301162840700,4:699adb08-f1e5-4be8-b17b-792b62a6747d:636,4:699adb08-f1e5-4be8-b17b-792b62a6747d:883,csv
5:699adb08-f1e5-4be8-b17b-792b62a6747d:1173192100976525948,4:699adb08-f1e5-4be8-b17b-792b62a6747d:636,4:699adb08-f1e5-4be8-b17b-792b62a6747d:884,csv
5:699adb08-f1e5-4be8-b17b-792b62a6747d:1175443900790211196,4:699adb08-f1e5-4be8-b17b-792b62a6747d:636,4:699adb08-f1e5-4be8-b17b-792b62a6747d:885,csv
5:699adb08-f1e5-4be8-b17b-792b62a6747d:1177695700603896444,4:699adb08-f1e5-4be8-b17b-792b62a6747d:636,4:699adb08-f1e5-4be8-b17b-792b62a6747d:886,csv
5:699adb08-f1e5-4be8-b17b-792b62a6747d:1179947500417581692,4:699adb08-f1e5-4be8-b17b-792b62a6747d:636,4:699adb08-f1e5-4be8-b17b-792b62a6747d:887,csv
5:699adb08-f1e5-4be8-b17b-792b62a6747d:1152925902653358717,4:699adb08-f1e5-4be8-b17b-792b62a6747d:637,4:699adb08-f1e5-4be8-b17b-792b62a6747d:888,md
5:699adb08-f1e5-4be8-b17b-792b62a6747d:1155177702467043965,4:699adb08-f1e5-4be8-b17b-792b62a6747d:637,4:699adb08-f1e5-4be8-b17b-792b62a6747d:889,md
5:699adb08-f1e5-4be8-b17b-792b62a6747d:1157429502280729213,4:699adb08-f1e5-4be8-b17b-792b62a6747d:637,4:699adb08-f1e5-4be8-b17b-792b62a6747d:890,md
5:699adb08-f1e5-4be8-b17b-792b62a6747d:1159681302094414461,4:699adb08-f1e5-4be8-b17b-792b62a6747d:637,4:699adb08-f1e5-4be8-b17b-792b62a6747d:891,csv
5:699adb08-f1e5-4be8-b17b-792b62a6747d:1161933101908099709,4:699adb08-f1e5-4be8-b17b-792b62a6747d:637,4:699adb08-f1e5-4be8-b17b-792b62a6747d:892,csv
5:699adb08-f1e5-4be8-b17b-792b62a6747d:1152925902653358718,4:699adb08-f1e5-4be8-b17b-792b62a6747d:638,4:699adb08-f1e5-4be8-b17b-792b62a6747d:893,md
5:699adb08-f1e5-4be8-b17b-792b62a6747d:1155177702467043966,4:699adb08-f1e5-4be8-b17b-792b62a6747d:638,4:699adb08-f1e5-4be8-b17b-792b62a6747d:894,md
5:699adb08-f1e5-4be8-b17b-792b62a6747d:1157429502280729214,4:699adb08-f1e5-4be8-b17b-792b62a6747d:638,4:699adb08-f1e5-4be8-b17b-792b62a6747d:895,md
5:699adb08-f1e5-4be8-b17b-792b62a6747d:1159681302094414462,4:699adb08-f1e5-4be8-b17b-792b62a6747d:638,4:699adb08-f1e5-4be8-b17b-792b62a6747d:896,csv
5:699adb08-f1e5-4be8-b17b-792b62a6747d:1161933101908099710,4:699adb08-f1e5-4be8-b17b-792b62a6747d:638,4:699adb08-f1e5-4be8-b17b-792b62a6747d:897,csv
5:699adb08-f1e5-4be8-b17b-792b62a6747d:1152925902653358719,4:699adb08-f1e5-4be8-b17b-792b62a6747d:639,4:699adb08-f1e5-4be8-b17b-792b62a6747d:898,md
5:699adb08-f1e5-4be8-b17b-792b62a6747d:1155177702467043967,4:699adb08-f1e5-4be8-b17b-792b62a6747d:639,4:699adb08-f1e5-4be8-b17b-792b62a6747d:899,md
5:699adb08-f1e5-4be8-b17b-792b62a6747d:1157429502280729215,4:699adb08-f1e5-4be8-b17b-792b62a6747d:639,4:699adb08-f1e5-4be8-b17b-792b62a6747d:900,md
5:699adb08-f1e5-4be8-b17b-792b62a6747d:1159681302094414463,4:699adb08-f1e5-4be8-b17b-792b62a6747d:639,4:699adb08-f1e5-4be8-b17b-792b62a6747d:901,md
5:699adb08-f1e5-4be8-b17b-792b62a6747d:1161933101908099711,4:699adb08-f1e5-4be8-b17b-792b62a6747d:639,4:699adb08-f1e5-4be8-b17b-792b62a6747d:902,md
5:699adb08-f1e5-4be8-b17b-792b62a6747d:1164184901721784959,4:699adb08-f1e5-4be8-b17b-792b62a6747d:639,4:699adb08-f1e5-4be8-b17b-792b62a6747d:903,md
5:699adb08-f1e5-4be8-b17b-792b62a6747d:1166436701535470207,4:699adb08-f1e5-4be8-b17b-792b62a6747d:639,4:699adb08-f1e5-4be8-b17b-792b62a6747d:904,md
5:699adb08-f1e5-4be8-b17b-792b62a6747d:1168688501349155455,4:699adb08-f1e5-4be8-b17b-792b62a6747d:639,4:699adb08-f1e5-4be8-b17b-792b62a6747d:905,csv
5:699adb08-f1e5-4be8-b17b-792b62a6747d:1170940301162840703,4:699adb08-f1e5-4be8-b17b-792b62a6747d:639,4:699adb08-f1e5-4be8-b17b-792b62a6747d:906,csv
5:699adb08-f1e5-4be8-b17b-792b62a6747d:1173192100976525951,4:699adb08-f1e5-4be8-b17b-792b62a6747d:639,4:699adb08-f1e5-4be8-b17b-792b62a6747d:907,csv
5:699adb08-f1e5-4be8-b17b-792b62a6747d:1175443900790211199,4:699adb08-f1e5-4be8-b17b-792b62a6747d:639,4:699adb08-f1e5-4be8-b17b-792b62a6747d:908,csv
5:699adb08-f1e5-4be8-b17b-792b62a6747d:1177695700603896447,4:699adb08-f1e5-4be8-b17b-792b62a6747d:639,4:699adb08-f1e5-4be8-b17b-792b62a6747d:909,csv
5:699adb08-f1e5-4be8-b17b-792b62a6747d:1179947500417581695,4:699adb08-f1e5-4be8-b17b-792b62a6747d:639,4:699adb08-f1e5-4be8-b17b-792b62a6747d:910,csv
5:699adb08-f1e5-4be8-b17b-792b62a6747d:1152925902653358720,4:699adb08-f1e5-4be8-b17b-792b62a6747d:640,4:699adb08-f1e5-4be8-b17b-792b62a6747d:911,md
5:699adb08-f1e5-4be8-b17b-792b62a6747d:1155177702467043968,4:699adb08-f1e5-4be8-b17b-792b62a6747d:640,4:699adb08-f1e5-4be8-b17b-792b62a6747d:912,md
5:699adb08-f1e5-4be8-b17b-792b62a6747d:1157429502280729216,4:699adb08-f1e5-4be8-b17b-792b62a6747d:640,4:699adb08-f1e5-4be8-b17b-792b62a6747d:913,md
5:699adb08-f1e5-4be8-b17b-792b62a6747d:1159681302094414464,4:699adb08-f1e5-4be8-b17b-792b62a6747d:640,4:699adb08-f1e5-4be8-b17b-792b62a6747d:914,csv
5:699adb08-f1e5-4be8-b17b-792b62a6747d:1152925902653358721,4:699adb08-f1e5-4be8-b17b-792b62a6747d:641,4:699adb08-f1e5-4be8-b17b-792b62a6747d:915,md
5:699adb08-f1e5-4be8-b17b-792b62a6747d:1155177702467043969,4:699adb08-f1e5-4be8-b17b-792b62a6747d:641,4:699adb08-f1e5-4be8-b17b-792b62a6747d:916,md
5:699adb08-f1e5-4be8-b17b-792b62a6747d:1157429502280729217,4:699adb08-f1e5-4be8-b17b-792b62a6747d:641,4:699adb08-f1e5-4be8-b17b-792b62a6747d:917,md
5:699adb08-f1e5-4be8-b17b-792b62a6747d:1159681302094414465,4:699adb08-f1e5-4be8-b17b-792b62a6747d:641,4:699adb08-f1e5-4be8-b17b-792b62a6747d:918,csv
5:699adb08-f1e5-4be8-b17b-792b62a6747d:1161933101908099713,4:699adb08-f1e5-4be8-b17b-792b62a6747d:641,4:699adb08-f1e5-4be8-b17b-792b62a6747d:919,csv
5:699adb08-f1e5-4be8-b17b-792b62a6747d:1152925902653358722,4:699adb08-f1e5-4be8-b17b-792b62a6747d:642,4:699adb08-f1e5-4be8-b17b-792b62a6747d:920,md
5:699adb08-f1e5-4be8-b17b-792b62a6747d:1155177702467043970,4:699adb08-f1e5-4be8-b17b-792b62a6747d:642,4:699adb08-f1e5-4be8-b17b-792b62a6747d:921,csv
5:699adb08-f1e5-4be8-b17b-792b62a6747d:1157429502280729218,4:699adb08-f1e5-4be8-b17b-792b62a6747d:642,4:699adb08-f1e5-4be8-b17b-792b62a6747d:922,csv
5:699adb08-f1e5-4be8-b17b-792b62a6747d:1159681302094414466,4:699adb08-f1e5-4be8-b17b-792b62a6747d:642,4:699adb08-f1e5-4be8-b17b-792b62a6747d:923,csv
5:699adb08-f1e5-4be8-b17b-792b62a6747d:1152925902653358723,4:699adb08-f1e5-4be8-b17b-792b62a6747d:643,4:699adb08-f1e5-4be8-b17b-792b62a6747d:924,md
5:699adb08-f1e5-4be8-b17b-792b62a6747d:1155177702467043971,4:699adb08-f1e5-4be8-b17b-792b62a6747d:643,4:699adb08-f1e5-4be8-b17b-792b62a6747d:925,md
5:699adb08-f1e5-4be8-b17b-792b62a6747d:1157429502280729219,4:699adb08-f1e5-4be8-b17b-792b62a6747d:643,4:699adb08-f1e5-4be8-b17b-792b62a6747d:926,md
5:699adb08-f1e5-4be8-b17b-792b62a6747d:1159681302094414467,4:699adb08-f1e5-4be8-b17b-792b62a6747d:643,4:699adb08-f1e5-4be8-b17b-792b62a6747d:927,csv
5:699adb08-f1e5-4be8-b17b-792b62a6747d:1161933101908099715,4:699adb08-f1e5-4be8-b17b-792b62a6747d:643,4:699adb08-f1e5-4be8-b17b-792b62a6747d:928,csv
5:699adb08-f1e5-4be8-b17b-792b62a6747d:1152925902653358724,4:699adb08-f1e5-4be8-b17b-792b62a6747d:644,4:699adb08-f1e5-4be8-b17b-792b62a6747d:929,md
5:699adb08-f1e5-4be8-b17b-792b62a6747d:1155177702467043972,4:699adb08-f1e5-4be8-b17b-792b62a6747d:644,4:699adb08-f1e5-4be8-b17b-792b62a6747d:930,md
5:699adb08-f1e5-4be8-b17b-792b62a6747d:1157429502280729220,4:699adb08-f1e5-4be8-b17b-792b62a6747d:644,4:699adb08-f1e5-4be8-b17b-792b62a6747d:931,md
5:699adb08-f1e5-4be8-b17b-792b62a6747d:1159681302094414468,4:699adb08-f1e5-4be8-b17b-792b62a6747d:644,4:699adb08-f1e5-4be8-b17b-792b62a6747d:932,csv
5:699adb08-f1e5-4be8-b17b-792b62a6747d:1161933101908099716,4:699adb08-f1e5-4be8-b17b-792b62a6747d:644,4:699adb08-f1e5-4be8-b17b-792b62a6747d:933,csv
5:699adb08-f1e5-4be8-b17b-792b62a6747d:1152925902653358725,4:699adb08-f1e5-4be8-b17b-792b62a6747d:645,4:699adb08-f1e5-4be8-b17b-792b62a6747d:903,md
5:699adb08-f1e5-4be8-b17b-792b62a6747d:1155177702467043973,4:699adb08-f1e5-4be8-b17b-792b62a6747d:645,4:699adb08-f1e5-4be8-b17b-792b62a6747d:934,md
5:699adb08-f1e5-4be8-b17b-792b62a6747d:1157429502280729221,4:699adb08-f1e5-4be8-b17b-792b62a6747d:645,4:699adb08-f1e5-4be8-b17b-792b62a6747d:935,md
5:699adb08-f1e5-4be8-b17b-792b62a6747d:1159681302094414469,4:699adb08-f1e5-4be8-b17b-792b62a6747d:645,4:699adb08-f1e5-4be8-b17b-792b62a6747d:936,md
5:699adb08-f1e5-4be8-b17b-792b62a6747d:1161933101908099717,4:699adb08-f1e5-4be8-b17b-792b62a6747d:645,4:699adb08-f1e5-4be8-b17b-792b62a6747d:937,md
5:699adb08-f1e5-4be8-b17b-792b62a6747d:1164184901721784965,4:699adb08-f1e5-4be8-b17b-792b62a6747d:645,4:699adb08-f1e5-4be8-b17b-792b62a6747d:938,csv
5:699adb08-f1e5-4be8-b17b-792b62a6747d:1166436701535470213,4:699adb08-f1e5-4be8-b17b-792b62a6747d:645,4:699adb08-f1e5-4be8-b17b-792b62a6747d:939,csv
5:699adb08-f1e5-4be8-b17b-792b62a6747d:1168688501349155461,4:699adb08-f1e5-4be8-b17b-792b62a6747d:645,4:699adb08-f1e5-4be8-b17b-792b62a6747d:940,csv
5:699adb08-f1e5-4be8-b17b-792b62a6747d:1170940301162840709,4:699adb08-f1e5-4be8-b17b-792b62a6747d:645,4:699adb08-f1e5-4be8-b17b-792b62a6747d:941,csv
5:699adb08-f1e5-4be8-b17b-792b62a6747d:1152925902653358726,4:699adb08-f1e5-4be8-b17b-792b62a6747d:646,4:699adb08-f1e5-4be8-b17b-792b62a6747d:942,md
5:699adb08-f1e5-4be8-b17b-792b62a6747d:1155177702467043974,4:699adb08-f1e5-4be8-b17b-792b62a6747d:646,4:699adb08-f1e5-4be8-b17b-792b62a6747d:943,md
5:699adb08-f1e5-4be8-b17b-792b62a6747d:1157429502280729222,4:699adb08-f1e5-4be8-b17b-792b62a6747d:646,4:699adb08-f1e5-4be8-b17b-792b62a6747d:944,md
5:699adb08-f1e5-4be8-b17b-792b62a6747d:1159681302094414470,4:699adb08-f1e5-4be8-b17b-792b62a6747d:646,4:699adb08-f1e5-4be8-b17b-792b62a6747d:945,csv
5:699adb08-f1e5-4be8-b17b-792b62a6747d:1161933101908099718,4:699adb08-f1e5-4be8-b17b-792b62a6747d:646,4:699adb08-f1e5-4be8-b17b-792b62a6747d:946,csv
5:699adb08-f1e5-4be8-b17b-792b62a6747d:1152925902653358727,4:699adb08-f1e5-4be8-b17b-792b62a6747d:647,4:699adb08-f1e5-4be8-b17b-792b62a6747d:947,md
5:699adb08-f1e5-4be8-b17b-792b62a6747d:1155177702467043975,4:699adb08-f1e5-4be8-b17b-792b62a6747d:647,4:699adb08-f1e5-4be8-b17b-792b62a6747d:948,md
5:699adb08-f1e5-4be8-b17b-792b62a6747d:1157429502280729223,4:699adb08-f1e5-4be8-b17b-792b62a6747d:647,4:699adb08-f1e5-4be8-b17b-792b62a6747d:949,md
5:699adb08-f1e5-4be8-b17b-792b62a6747d:1159681302094414471,4:699adb08-f1e5-4be8-b17b-792b62a6747d:647,4:699adb08-f1e5-4be8-b17b-792b62a6747d:950,csv
5:699adb08-f1e5-4be8-b17b-792b62a6747d:1161933101908099719,4:699adb08-f1e5-4be8-b17b-792b62a6747d:647,4:699adb08-f1e5-4be8-b17b-792b62a6747d:951,csv
5:699adb08-f1e5-4be8-b17b-792b62a6747d:1152925902653358728,4:699adb08-f1e5-4be8-b17b-792b62a6747d:648,4:699adb08-f1e5-4be8-b17b-792b62a6747d:952,md
5:699adb08-f1e5-4be8-b17b-792b62a6747d:1155177702467043976,4:699adb08-f1e5-4be8-b17b-792b62a6747d:648,4:699adb08-f1e5-4be8-b17b-792b62a6747d:953,md
5:699adb08-f1e5-4be8-b17b-792b62a6747d:1157429502280729224,4:699adb08-f1e5-4be8-b17b-792b62a6747d:648,4:699adb08-f1e5-4be8-b17b-792b62a6747d:954,md
5:699adb08-f1e5-4be8-b17b-792b62a6747d:1159681302094414472,4:699adb08-f1e5-4be8-b17b-792b62a6747d:648,4:699adb08-f1e5-4be8-b17b-792b62a6747d:955,csv
5:699adb08-f1e5-4be8-b17b-792b62a6747d:1161933101908099720,4:699adb08-f1e5-4be8-b17b-792b62a6747d:648,4:699adb08-f1e5-4be8-b17b-792b62a6747d:956,csv
5:699adb08-f1e5-4be8-b17b-792b62a6747d:1152925902653358729,4:699adb08-f1e5-4be8-b17b-792b62a6747d:649,4:699adb08-f1e5-4be8-b17b-792b62a6747d:957,md
5:699adb08-f1e5-4be8-b17b-792b62a6747d:1155177702467043977,4:699adb08-f1e5-4be8-b17b-792b62a6747d:649,4:699adb08-f1e5-4be8-b17b-792b62a6747d:958,md
5:699adb08-f1e5-4be8-b17b-792b62a6747d:1157429502280729225,4:699adb08-f1e5-4be8-b17b-792b62a6747d:649,4:699adb08-f1e5-4be8-b17b-792b62a6747d:959,md
5:699adb08-f1e5-4be8-b17b-792b62a6747d:1159681302094414473,4:699adb08-f1e5-4be8-b17b-792b62a6747d:649,4:699adb08-f1e5-4be8-b17b-792b62a6747d:960,csv
5:699adb08-f1e5-4be8-b17b-792b62a6747d:1161933101908099721,4:699adb08-f1e5-4be8-b17b-792b62a6747d:649,4:699adb08-f1e5-4be8-b17b-792b62a6747d:961,csv
5:699adb08-f1e5-4be8-b17b-792b62a6747d:1152925902653358730,4:699adb08-f1e5-4be8-b17b-792b62a6747d:650,4:699adb08-f1e5-4be8-b17b-792b62a6747d:962,md
5:699adb08-f1e5-4be8-b17b-792b62a6747d:1155177702467043978,4:699adb08-f1e5-4be8-b17b-792b62a6747d:650,4:699adb08-f1e5-4be8-b17b-792b62a6747d:963,md
5:699adb08-f1e5-4be8-b17b-792b62a6747d:1157429502280729226,4:699adb08-f1e5-4be8-b17b-792b62a6747d:650,4:699adb08-f1e5-4be8-b17b-792b62a6747d:964,md
5:699adb08-f1e5-4be8-b17b-792b62a6747d:1159681302094414474,4:699adb08-f1e5-4be8-b17b-792b62a6747d:650,4:699adb08-f1e5-4be8-b17b-792b62a6747d:965,csv
5:699adb08-f1e5-4be8-b17b-792b62a6747d:1161933101908099722,4:699adb08-f1e5-4be8-b17b-792b62a6747d:650,4:699adb08-f1e5-4be8-b17b-792b62a6747d:966,csv
5:699adb08-f1e5-4be8-b17b-792b62a6747d:1155177702467043979,4:699adb08-f1e5-4be8-b17b-792b62a6747d:651,4:699adb08-f1e5-4be8-b17b-792b62a6747d:963,md
5:699adb08-f1e5-4be8-b17b-792b62a6747d:1157429502280729227,4:699adb08-f1e5-4be8-b17b-792b62a6747d:651,4:699adb08-f1e5-4be8-b17b-792b62a6747d:964,md
5:699adb08-f1e5-4be8-b17b-792b62a6747d:1152925902653358731,4:699adb08-f1e5-4be8-b17b-792b62a6747d:651,4:699adb08-f1e5-4be8-b17b-792b62a6747d:967,md
5:699adb08-f1e5-4be8-b17b-792b62a6747d:1159681302094414475,4:699adb08-f1e5-4be8-b17b-792b62a6747d:651,4:699adb08-f1e5-4be8-b17b-792b62a6747d:968,md
5:699adb08-f1e5-4be8-b17b-792b62a6747d:1161933101908099723,4:699adb08-f1e5-4be8-b17b-792b62a6747d:651,4:699adb08-f1e5-4be8-b17b-792b62a6747d:969,csv
5:699adb08-f1e5-4be8-b17b-792b62a6747d:1164184901721784971,4:699adb08-f1e5-4be8-b17b-792b62a6747d:651,4:699adb08-f1e5-4be8-b17b-792b62a6747d:970,csv
5:699adb08-f1e5-4be8-b17b-792b62a6747d:1166436701535470219,4:699adb08-f1e5-4be8-b17b-792b62a6747d:651,4:699adb08-f1e5-4be8-b17b-792b62a6747d:971,csv
5:699adb08-f1e5-4be8-b17b-792b62a6747d:1152925902653358732,4:699adb08-f1e5-4be8-b17b-792b62a6747d:652,4:699adb08-f1e5-4be8-b17b-792b62a6747d:972,md
5:699adb08-f1e5-4be8-b17b-792b62a6747d:1155177702467043980,4:699adb08-f1e5-4be8-b17b-792b62a6747d:652,4:699adb08-f1e5-4be8-b17b-792b62a6747d:973,md
5:699adb08-f1e5-4be8-b17b-792b62a6747d:1157429502280729228,4:699adb08-f1e5-4be8-b17b-792b62a6747d:652,4:699adb08-f1e5-4be8-b17b-792b62a6747d:974,md
5:699adb08-f1e5-4be8-b17b-792b62a6747d:1159681302094414476,4:699adb08-f1e5-4be8-b17b-792b62a6747d:652,4:699adb08-f1e5-4be8-b17b-792b62a6747d:975,csv
5:699adb08-f1e5-4be8-b17b-792b62a6747d:1161933101908099724,4:699adb08-f1e5-4be8-b17b-792b62a6747d:652,4:699adb08-f1e5-4be8-b17b-792b62a6747d:976,csv
5:699adb08-f1e5-4be8-b17b-792b62a6747d:1152925902653358733,4:699adb08-f1e5-4be8-b17b-792b62a6747d:653,4:699adb08-f1e5-4be8-b17b-792b62a6747d:977,md
5:699adb08-f1e5-4be8-b17b-792b62a6747d:1155177702467043981,4:699adb08-f1e5-4be8-b17b-792b62a6747d:653,4:699adb08-f1e5-4be8-b17b-792b62a6747d:978,md
5:699adb08-f1e5-4be8-b17b-792b62a6747d:1157429502280729229,4:699adb08-f1e5-4be8-b17b-792b62a6747d:653,4:699adb08-f1e5-4be8-b17b-792b62a6747d:979,md
5:699adb08-f1e5-4be8-b17b-792b62a6747d:1159681302094414477,4:699adb08-f1e5-4be8-b17b-792b62a6747d:653,4:699adb08-f1e5-4be8-b17b-792b62a6747d:980,csv
5:699adb08-f1e5-4be8-b17b-792b62a6747d:1161933101908099725,4:699adb08-f1e5-4be8-b17b-792b62a6747d:653,4:699adb08-f1e5-4be8-b17b-792b62a6747d:981,csv
5:699adb08-f1e5-4be8-b17b-792b62a6747d:1168688501349155470,4:699adb08-f1e5-4be8-b17b-792b62a6747d:654,4:699adb08-f1e5-4be8-b17b-792b62a6747d:957,csv
5:699adb08-f1e5-4be8-b17b-792b62a6747d:1170940301162840718,4:699adb08-f1e5-4be8-b17b-792b62a6747d:654,4:699adb08-f1e5-4be8-b17b-792b62a6747d:959,csv
5:699adb08-f1e5-4be8-b17b-792b62a6747d:1152925902653358734,4:699adb08-f1e5-4be8-b17b-792b62a6747d:654,4:699adb08-f1e5-4be8-b17b-792b62a6747d:982,md
5:699adb08-f1e5-4be8-b17b-792b62a6747d:1155177702467043982,4:699adb08-f1e5-4be8-b17b-792b62a6747d:654,4:699adb08-f1e5-4be8-b17b-792b62a6747d:983,md
5:699adb08-f1e5-4be8-b17b-792b62a6747d:1157429502280729230,4:699adb08-f1e5-4be8-b17b-792b62a6747d:654,4:699adb08-f1e5-4be8-b17b-792b62a6747d:984,md
5:699adb08-f1e5-4be8-b17b-792b62a6747d:1159681302094414478,4:699adb08-f1e5-4be8-b17b-792b62a6747d:654,4:699adb08-f1e5-4be8-b17b-792b62a6747d:985,md
5:699adb08-f1e5-4be8-b17b-792b62a6747d:1161933101908099726,4:699adb08-f1e5-4be8-b17b-792b62a6747d:654,4:699adb08-f1e5-4be8-b17b-792b62a6747d:986,md
5:699adb08-f1e5-4be8-b17b-792b62a6747d:1164184901721784974,4:699adb08-f1e5-4be8-b17b-792b62a6747d:654,4:699adb08-f1e5-4be8-b17b-792b62a6747d:987,md
5:699adb08-f1e5-4be8-b17b-792b62a6747d:1166436701535470222,4:699adb08-f1e5-4be8-b17b-792b62a6747d:654,4:699adb08-f1e5-4be8-b17b-792b62a6747d:988,csv
5:699adb08-f1e5-4be8-b17b-792b62a6747d:1173192100976525966,4:699adb08-f1e5-4be8-b17b-792b62a6747d:654,4:699adb08-f1e5-4be8-b17b-792b62a6747d:989,csv
5:699adb08-f1e5-4be8-b17b-792b62a6747d:1152925902653358735,4:699adb08-f1e5-4be8-b17b-792b62a6747d:655,4:699adb08-f1e5-4be8-b17b-792b62a6747d:990,md
5:699adb08-f1e5-4be8-b17b-792b62a6747d:1155177702467043983,4:699adb08-f1e5-4be8-b17b-792b62a6747d:655,4:699adb08-f1e5-4be8-b17b-792b62a6747d:991,md
5:699adb08-f1e5-4be8-b17b-792b62a6747d:1157429502280729231,4:699adb08-f1e5-4be8-b17b-792b62a6747d:655,4:699adb08-f1e5-4be8-b17b-792b62a6747d:992,md
5:699adb08-f1e5-4be8-b17b-792b62a6747d:1159681302094414479,4:699adb08-f1e5-4be8-b17b-792b62a6747d:655,4:699adb08-f1e5-4be8-b17b-792b62a6747d:993,csv
5:699adb08-f1e5-4be8-b17b-792b62a6747d:1161933101908099727,4:699adb08-f1e5-4be8-b17b-792b62a6747d:655,4:699adb08-f1e5-4be8-b17b-792b62a6747d:994,csv
